id,Umsatz
1808011,0.471284
1808012,0.5829427
1808013,0.5382961
1808014,0.53117657
1808015,0.55608827
1808016,0.579929
1808021,0.5618008
1808022,0.64920074
1808023,0.74295104
1808024,0.7781894
1808025,0.5825834
1808026,0.76728964
1808031,0.5384855
1808032,0.7088836
1808033,0.7233697
1808034,0.65059173
1808035,0.641312
1808036,0.7091417
1808041,0.5412339
1808042,0.6967798
1808043,0.6817477
1808044,0.7508006
1808045,0.5428041
1808046,0.7442725
1808051,0.6869873
1808052,0.78802633
1808053,0.7999283
1808054,0.85837626
1808055,0.7144693
1808056,0.8811432
1808061,0.5043142
1808062,0.62191623
1808063,0.5969484
1808064,0.7243418
1808065,0.5280599
1808066,0.67897224
1808071,0.4842471
1808072,0.45634452
1808073,0.46981382
1808074,0.48231357
1808075,0.4854922
1808076,0.48054808
1808081,0.471284
1808082,0.5829427
1808083,0.5382961
1808084,0.53117657
1808085,0.55608827
1808086,0.579929
1808091,0.5618008
1808092,0.64920074
1808093,0.74295104
1808094,0.7781894
1808095,0.5825834
1808096,0.76728964
1808101,0.51800036
1808102,0.53294617
1808103,0.5825432
1808104,0.52935815
1808105,0.5628009
1808106,0.60338384
1808111,0.47231674
1808112,0.4689026
1808113,0.49485016
1808114,0.5429294
1808115,0.5038029
1808116,0.49073368
1808121,0.5208087
1808122,0.583924
1808123,0.6311783
1808124,0.6743741
1808125,0.58259857
1808126,0.6731284
1808131,0.5043142
1808132,0.62191623
1808133,0.5969484
1808134,0.7243418
1808135,0.5280599
1808136,0.67897224
1808141,0.498316
1808142,0.64955366
1808143,0.58831763
1808144,0.68982375
1808145,0.56868315
1808146,0.71447235
1808151,0.471284
1808152,0.5829427
1808153,0.5382961
1808154,0.53117657
1808155,0.55608827
1808156,0.579929
1808161,0.5618008
1808162,0.64920074
1808163,0.74295104
1808164,0.7781894
1808165,0.5825834
1808166,0.76728964
1808171,0.51800036
1808172,0.53294617
1808173,0.5825432
1808174,0.52935815
1808175,0.5628009
1808176,0.60338384
1808181,0.5412339
1808182,0.6967798
1808183,0.6817477
1808184,0.7508006
1808185,0.5428041
1808186,0.7442725
1808191,0.6869873
1808192,0.78802633
1808193,0.7999283
1808194,0.85837626
1808195,0.7144693
1808196,0.8811432
1808201,0.51151997
1808202,0.47546384
1808203,0.46280813
1808204,0.5220084
1808205,0.5399655
1808206,0.54310954
1808211,0.47684228
1808212,0.43819427
1808213,0.45885897
1808214,0.51142395
1808215,0.4992884
1808216,0.4999885
1808221,0.471284
1808222,0.5829427
1808223,0.5382961
1808224,0.53117657
1808225,0.55608827
1808226,0.579929
1808231,0.5618008
1808232,0.64920074
1808233,0.74295104
1808234,0.7781894
1808235,0.5825834
1808236,0.76728964
1808241,0.51800036
1808242,0.53294617
1808243,0.5825432
1808244,0.52935815
1808245,0.5628009
1808246,0.60338384
1808251,0.47231674
1808252,0.4689026
1808253,0.49485016
1808254,0.5429294
1808255,0.5038029
1808256,0.49073368
1808261,0.5208087
1808262,0.583924
1808263,0.6311783
1808264,0.6743741
1808265,0.58259857
1808266,0.6731284
1808271,0.51151997
1808272,0.47546384
1808273,0.46280813
1808274,0.5220084
1808275,0.5399655
1808276,0.54310954
1808281,0.47684228
1808282,0.43819427
1808283,0.45885897
1808284,0.51142395
1808285,0.4992884
1808286,0.4999885
1808291,0.471284
1808292,0.5829427
1808293,0.5382961
1808294,0.53117657
1808295,0.55608827
1808296,0.579929
1808301,0.420678
1808302,0.432621
1808303,0.5544227
1808304,0.58280754
1808305,0.4771949
1808306,0.5198387
1808311,0.51800036
1808312,0.53294617
1808313,0.5825432
1808314,0.52935815
1808315,0.5628009
1808316,0.60338384
1809011,0.47231674
1809012,0.4689026
1809013,0.49485016
1809014,0.5429294
1809015,0.5038029
1809016,0.49073368
1809021,0.5208087
1809022,0.583924
1809023,0.6311783
1809024,0.6743741
1809025,0.58259857
1809026,0.6731284
1809031,0.5043142
1809032,0.62191623
1809033,0.5969484
1809034,0.7243418
1809035,0.5280599
1809036,0.67897224
1809041,0.498316
1809042,0.64955366
1809043,0.58831763
1809044,0.68982375
1809045,0.56868315
1809046,0.71447235
1809051,0.471284
1809052,0.5829427
1809053,0.5382961
1809054,0.53117657
1809055,0.55608827
1809056,0.579929
1809061,0.5618008
1809062,0.64920074
1809063,0.74295104
1809064,0.7781894
1809065,0.5825834
1809066,0.76728964
1809071,0.51800036
1809072,0.53294617
1809073,0.5825432
1809074,0.52935815
1809075,0.5628009
1809076,0.60338384
1809081,0.53255093
1809082,0.53255093
1809083,0.53255093
1809084,0.53255093
1809085,0.53255093
1809086,0.53255093
1809091,0.53255093
1809092,0.53255093
1809093,0.53255093
1809094,0.53255093
1809095,0.53255093
1809096,0.53255093
1809101,0.51151997
1809102,0.47546384
1809103,0.46280813
1809104,0.5220084
1809105,0.5399655
1809106,0.54310954
1809111,0.47684228
1809112,0.43819427
1809113,0.45885897
1809114,0.51142395
1809115,0.4992884
1809116,0.4999885
1809121,0.5461774
1809122,0.46101514
1809123,0.47148037
1809124,0.53341734
1809125,0.6151675
1809126,0.5695993
1809131,0.420678
1809132,0.432621
1809133,0.5544227
1809134,0.58280754
1809135,0.4771949
1809136,0.5198387
1809141,0.51800036
1809142,0.53294617
1809143,0.5825432
1809144,0.52935815
1809145,0.5628009
1809146,0.60338384
1809151,0.53255093
1809152,0.53255093
1809153,0.53255093
1809154,0.53255093
1809155,0.53255093
1809156,0.53255093
1809161,0.53255093
1809162,0.53255093
1809163,0.53255093
1809164,0.53255093
1809165,0.53255093
1809166,0.53255093
1809171,0.53255093
1809172,0.53255093
1809173,0.53255093
1809174,0.53255093
1809175,0.53255093
1809176,0.53255093
1809181,0.53255093
1809182,0.53255093
1809183,0.53255093
1809184,0.53255093
1809185,0.53255093
1809186,0.53255093
1809191,0.53255093
1809192,0.53255093
1809193,0.53255093
1809194,0.53255093
1809195,0.53255093
1809196,0.53255093
1809201,0.53255093
1809202,0.53255093
1809203,0.53255093
1809204,0.53255093
1809205,0.53255093
1809206,0.53255093
1809211,0.51800036
1809212,0.53294617
1809213,0.5825432
1809214,0.52935815
1809215,0.5628009
1809216,0.60338384
1809221,0.47231674
1809222,0.4689026
1809223,0.49485016
1809224,0.5429294
1809225,0.5038029
1809226,0.49073368
1809231,0.5208087
1809232,0.583924
1809233,0.6311783
1809234,0.6743741
1809235,0.58259857
1809236,0.6731284
1809241,0.51151997
1809242,0.47546384
1809243,0.46280813
1809244,0.5220084
1809245,0.5399655
1809246,0.54310954
1809251,0.47684228
1809252,0.43819427
1809253,0.45885897
1809254,0.51142395
1809255,0.4992884
1809256,0.4999885
1809261,0.5461774
1809262,0.46101514
1809263,0.47148037
1809264,0.53341734
1809265,0.6151675
1809266,0.5695993
1809271,0.420678
1809272,0.432621
1809273,0.5544227
1809274,0.58280754
1809275,0.4771949
1809276,0.5198387
1809281,0.51800036
1809282,0.53294617
1809283,0.5825432
1809284,0.52935815
1809285,0.5628009
1809286,0.60338384
1809291,0.47231674
1809292,0.4689026
1809293,0.49485016
1809294,0.5429294
1809295,0.5038029
1809296,0.49073368
1809301,0.5208087
1809302,0.583924
1809303,0.6311783
1809304,0.6743741
1809305,0.58259857
1809306,0.6731284
1810011,0.51151997
1810012,0.47546384
1810013,0.46280813
1810014,0.5220084
1810015,0.5399655
1810016,0.54310954
1810021,0.53255093
1810022,0.42741397
1810023,0.4117177
1810024,0.4641869
1810025,0.51697505
1810026,0.45342207
1810031,0.5822946
1810032,0.47532517
1810033,0.4662075
1810034,0.5302624
1810035,0.6512847
1810036,0.6070723
1810041,0.420678
1810042,0.432621
1810043,0.5544227
1810044,0.58280754
1810045,0.4771949
1810046,0.5198387
1810051,0.51800036
1810052,0.53294617
1810053,0.5825432
1810054,0.52935815
1810055,0.5628009
1810056,0.60338384
1810061,0.47231674
1810062,0.4689026
1810063,0.49485016
1810064,0.5429294
1810065,0.5038029
1810066,0.49073368
1810071,0.5208087
1810072,0.583924
1810073,0.6311783
1810074,0.6743741
1810075,0.58259857
1810076,0.6731284
1810081,0.51151997
1810082,0.47546384
1810083,0.46280813
1810084,0.5220084
1810085,0.5399655
1810086,0.54310954
1810091,0.47684228
1810092,0.43819427
1810093,0.45885897
1810094,0.51142395
1810095,0.4992884
1810096,0.4999885
1810101,0.5461774
1810102,0.46101514
1810103,0.47148037
1810104,0.53341734
1810105,0.6151675
1810106,0.5695993
1810111,0.420678
1810112,0.432621
1810113,0.5544227
1810114,0.58280754
1810115,0.4771949
1810116,0.5198387
1810121,0.5384855
1810122,0.7088836
1810123,0.7233697
1810124,0.65059173
1810125,0.641312
1810126,0.7091417
1810131,0.53255093
1810132,0.53255093
1810133,0.53255093
1810134,0.53255093
1810135,0.53255093
1810136,0.53255093
1810141,0.53255093
1810142,0.53255093
1810143,0.53255093
1810144,0.53255093
1810145,0.53255093
1810146,0.53255093
1810151,0.5043142
1810152,0.62191623
1810153,0.5969484
1810154,0.7243418
1810155,0.5280599
1810156,0.67897224
1810161,0.47684228
1810162,0.43819427
1810163,0.45885897
1810164,0.51142395
1810165,0.4992884
1810166,0.4999885
1810171,0.471284
1810172,0.5829427
1810173,0.5382961
1810174,0.53117657
1810175,0.55608827
1810176,0.579929
1810181,0.420678
1810182,0.432621
1810183,0.5544227
1810184,0.58280754
1810185,0.4771949
1810186,0.5198387
1810191,0.51800036
1810192,0.53294617
1810193,0.5825432
1810194,0.52935815
1810195,0.5628009
1810196,0.60338384
1810201,0.53255093
1810202,0.53255093
1810203,0.53255093
1810204,0.53255093
1810205,0.53255093
1810206,0.53255093
1810211,0.53255093
1810212,0.53255093
1810213,0.53255093
1810214,0.53255093
1810215,0.53255093
1810216,0.53255093
1810221,0.51151997
1810222,0.47546384
1810223,0.46280813
1810224,0.5220084
1810225,0.5399655
1810226,0.54310954
1810231,0.47684228
1810232,0.43819427
1810233,0.45885897
1810234,0.51142395
1810235,0.4992884
1810236,0.4999885
1810241,0.5461774
1810242,0.46101514
1810243,0.47148037
1810244,0.53341734
1810245,0.6151675
1810246,0.5695993
1810251,0.420678
1810252,0.432621
1810253,0.5544227
1810254,0.58280754
1810255,0.4771949
1810256,0.5198387
1810261,0.51800036
1810262,0.53294617
1810263,0.5825432
1810264,0.52935815
1810265,0.5628009
1810266,0.60338384
1810271,0.4971804
1810272,0.45046064
1810273,0.44341493
1810274,0.49198264
1810275,0.48462862
1810276,0.50599205
1810281,0.4718854
1810282,0.49680722
1810283,0.46828365
1810284,0.5772939
1810285,0.5377743
1810286,0.61291385
1810291,0.53255093
1810292,0.4762045
1810293,0.40855426
1810294,0.48613027
1810295,0.5164891
1810296,0.4641844
1810301,0.47684228
1810302,0.43819427
1810303,0.45885897
1810304,0.51142395
1810305,0.4992884
1810306,0.4999885
1810311,0.506039
1810312,0.49403465
1810313,0.48920447
1810314,0.51980364
1810315,0.5191289
1810316,0.48716095
1811011,0.47845125
1811012,0.47156647
1811013,0.5830362
1811014,0.67463803
1811015,0.50284404
1811016,0.5757024
1811021,0.51800036
1811022,0.53294617
1811023,0.5825432
1811024,0.52935815
1811025,0.5628009
1811026,0.60338384
1811031,0.4971804
1811032,0.45046064
1811033,0.44341493
1811034,0.49198264
1811035,0.48462862
1811036,0.50599205
1811041,0.4718854
1811042,0.49680722
1811043,0.46828365
1811044,0.5772939
1811045,0.5377743
1811046,0.61291385
1811051,0.51151997
1811052,0.47546384
1811053,0.46280813
1811054,0.5220084
1811055,0.5399655
1811056,0.54310954
1811061,0.53255093
1811062,0.42741397
1811063,0.4117177
1811064,0.4641869
1811065,0.51697505
1811066,0.45342207
1811071,0.5461774
1811072,0.46101514
1811073,0.47148037
1811074,0.53341734
1811075,0.6151675
1811076,0.5695993
1811081,0.420678
1811082,0.432621
1811083,0.5544227
1811084,0.58280754
1811085,0.4771949
1811086,0.5198387
1811091,0.48753375
1811092,0.5083744
1811093,0.43705487
1811094,0.48513764
1811095,0.5164537
1811096,0.49988163
1811101,0.47231674
1811102,0.4689026
1811103,0.49485016
1811104,0.5429294
1811105,0.5038029
1811106,0.49073368
1811111,0.5208087
1811112,0.583924
1811113,0.6311783
1811114,0.6743741
1811115,0.58259857
1811116,0.6731284
1811121,0.51151997
1811122,0.47546384
1811123,0.46280813
1811124,0.5220084
1811125,0.5399655
1811126,0.54310954
1811131,0.47684228
1811132,0.43819427
1811133,0.45885897
1811134,0.51142395
1811135,0.4992884
1811136,0.4999885
1811141,0.506039
1811142,0.49403465
1811143,0.48920447
1811144,0.51980364
1811145,0.5191289
1811146,0.48716095
1811151,0.420678
1811152,0.432621
1811153,0.5544227
1811154,0.58280754
1811155,0.4771949
1811156,0.5198387
1811161,0.48753375
1811162,0.5083744
1811163,0.43705487
1811164,0.48513764
1811165,0.5164537
1811166,0.49988163
1811171,0.4971804
1811172,0.45046064
1811173,0.44341493
1811174,0.49198264
1811175,0.48462862
1811176,0.50599205
1811181,0.4718854
1811182,0.49680722
1811183,0.46828365
1811184,0.5772939
1811185,0.5377743
1811186,0.61291385
1811191,0.53255093
1811192,0.4762045
1811193,0.40855426
1811194,0.48613027
1811195,0.5164891
1811196,0.4641844
1811201,0.53255093
1811202,0.42741397
1811203,0.4117177
1811204,0.4641869
1811205,0.51697505
1811206,0.45342207
1811211,0.506039
1811212,0.49403465
1811213,0.48920447
1811214,0.51980364
1811215,0.5191289
1811216,0.48716095
1811221,0.4724246
1811222,0.48768234
1811223,0.48926514
1811224,0.4935238
1811225,0.47296885
1811226,0.478018
1811231,0.48753375
1811232,0.5083744
1811233,0.43705487
1811234,0.48513764
1811235,0.5164537
1811236,0.49988163
1811241,0.4971804
1811242,0.45046064
1811243,0.44341493
1811244,0.49198264
1811245,0.48462862
1811246,0.50599205
1811251,0.4718854
1811252,0.49680722
1811253,0.46828365
1811254,0.5772939
1811255,0.5377743
1811256,0.61291385
1811261,0.53255093
1811262,0.4762045
1811263,0.40855426
1811264,0.48613027
1811265,0.5164891
1811266,0.4641844
1811271,0.53255093
1811272,0.42741397
1811273,0.4117177
1811274,0.4641869
1811275,0.51697505
1811276,0.45342207
1811281,0.506039
1811282,0.49403465
1811283,0.48920447
1811284,0.51980364
1811285,0.5191289
1811286,0.48716095
1811291,0.4724246
1811292,0.48768234
1811293,0.48926514
1811294,0.4935238
1811295,0.47296885
1811296,0.478018
1811301,0.48753375
1811302,0.5083744
1811303,0.43705487
1811304,0.48513764
1811305,0.5164537
1811306,0.49988163
1812011,0.4971804
1812012,0.45046064
1812013,0.44341493
1812014,0.49198264
1812015,0.48462862
1812016,0.50599205
1812021,0.4718854
1812022,0.49680722
1812023,0.46828365
1812024,0.5772939
1812025,0.5377743
1812026,0.61291385
1812031,0.51151997
1812032,0.47546384
1812033,0.46280813
1812034,0.5220084
1812035,0.5399655
1812036,0.54310954
1812041,0.53255093
1812042,0.42741397
1812043,0.4117177
1812044,0.4641869
1812045,0.51697505
1812046,0.45342207
1812051,0.506039
1812052,0.49403465
1812053,0.48920447
1812054,0.51980364
1812055,0.5191289
1812056,0.48716095
1812061,0.4724246
1812062,0.48768234
1812063,0.48926514
1812064,0.4935238
1812065,0.47296885
1812066,0.478018
1812071,0.51800036
1812072,0.53294617
1812073,0.5825432
1812074,0.52935815
1812075,0.5628009
1812076,0.60338384
1812081,0.4971804
1812082,0.45046064
1812083,0.44341493
1812084,0.49198264
1812085,0.48462862
1812086,0.50599205
1812091,0.4718854
1812092,0.49680722
1812093,0.46828365
1812094,0.5772939
1812095,0.5377743
1812096,0.61291385
1812101,0.53255093
1812102,0.4762045
1812103,0.40855426
1812104,0.48613027
1812105,0.5164891
1812106,0.4641844
1812111,0.53255093
1812112,0.42741397
1812113,0.4117177
1812114,0.4641869
1812115,0.51697505
1812116,0.45342207
1812121,0.506039
1812122,0.49403465
1812123,0.48920447
1812124,0.51980364
1812125,0.5191289
1812126,0.48716095
1812131,0.4724246
1812132,0.48768234
1812133,0.48926514
1812134,0.4935238
1812135,0.47296885
1812136,0.478018
1812141,0.48753375
1812142,0.5083744
1812143,0.43705487
1812144,0.48513764
1812145,0.5164537
1812146,0.49988163
1812151,0.4971804
1812152,0.45046064
1812153,0.44341493
1812154,0.49198264
1812155,0.48462862
1812156,0.50599205
1812161,0.4718854
1812162,0.49680722
1812163,0.46828365
1812164,0.5772939
1812165,0.5377743
1812166,0.61291385
1812171,0.53255093
1812172,0.4762045
1812173,0.40855426
1812174,0.48613027
1812175,0.5164891
1812176,0.4641844
1812181,0.53255093
1812182,0.42741397
1812183,0.4117177
1812184,0.4641869
1812185,0.51697505
1812186,0.45342207
1812191,0.506039
1812192,0.49403465
1812193,0.48920447
1812194,0.51980364
1812195,0.5191289
1812196,0.48716095
1812201,0.4724246
1812202,0.48768234
1812203,0.48926514
1812204,0.4935238
1812205,0.47296885
1812206,0.478018
1812211,0.48753375
1812212,0.5083744
1812213,0.43705487
1812214,0.48513764
1812215,0.5164537
1812216,0.49988163
1812221,0.4971804
1812222,0.45046064
1812223,0.44341493
1812224,0.49198264
1812225,0.48462862
1812226,0.50599205
1812231,0.4718854
1812232,0.49680722
1812233,0.46828365
1812234,0.5772939
1812235,0.5377743
1812236,0.61291385
1812241,0.53255093
1812242,0.4762045
1812243,0.40855426
1812244,0.48613027
1812245,0.5164891
1812246,0.4641844
1812251,0.53255093
1812252,0.44856003
1812253,0.43318367
1812254,0.53361857
1812255,0.5006331
1812256,0.4706251
1812261,0.49935213
1812262,0.52065706
1812263,0.45806664
1812264,0.5542625
1812265,0.56526756
1812266,0.50490975
1812271,0.4724246
1812272,0.48768234
1812273,0.48926514
1812274,0.4935238
1812275,0.47296885
1812276,0.478018
1812281,0.48753375
1812282,0.5083744
1812283,0.43705487
1812284,0.48513764
1812285,0.5164537
1812286,0.49988163
1812291,0.4971804
1812292,0.45046064
1812293,0.44341493
1812294,0.49198264
1812295,0.48462862
1812296,0.50599205
1812301,0.4718854
1812302,0.49680722
1812303,0.46828365
1812304,0.5772939
1812305,0.5377743
1812306,0.61291385
1812311,0.53255093
1812312,0.4762045
1812313,0.40855426
1812314,0.48613027
1812315,0.5164891
1812316,0.4641844
1901011,0.53255093
1901012,0.44856003
1901013,0.43318367
1901014,0.53361857
1901015,0.5006331
1901016,0.4706251
1901021,0.506039
1901022,0.49403465
1901023,0.48920447
1901024,0.51980364
1901025,0.5191289
1901026,0.48716095
1901031,0.4724246
1901032,0.48768234
1901033,0.48926514
1901034,0.4935238
1901035,0.47296885
1901036,0.478018
1901041,0.48753375
1901042,0.5083744
1901043,0.43705487
1901044,0.48513764
1901045,0.5164537
1901046,0.49988163
1901051,0.4971804
1901052,0.45046064
1901053,0.44341493
1901054,0.49198264
1901055,0.48462862
1901056,0.50599205
1901061,0.4718854
1901062,0.49680722
1901063,0.46828365
1901064,0.5772939
1901065,0.5377743
1901066,0.61291385
1901071,0.53255093
1901072,0.4762045
1901073,0.40855426
1901074,0.48613027
1901075,0.5164891
1901076,0.4641844
1901081,0.53255093
1901082,0.42741397
1901083,0.4117177
1901084,0.4641869
1901085,0.51697505
1901086,0.45342207
1901091,0.506039
1901092,0.49403465
1901093,0.48920447
1901094,0.51980364
1901095,0.5191289
1901096,0.48716095
1901101,0.4724246
1901102,0.48768234
1901103,0.48926514
1901104,0.4935238
1901105,0.47296885
1901106,0.478018
1901111,0.48753375
1901112,0.5083744
1901113,0.43705487
1901114,0.48513764
1901115,0.5164537
1901116,0.49988163
1901121,0.4971804
1901122,0.45046064
1901123,0.44341493
1901124,0.49198264
1901125,0.48462862
1901126,0.50599205
1901131,0.4718854
1901132,0.49680722
1901133,0.46828365
1901134,0.5772939
1901135,0.5377743
1901136,0.61291385
1901141,0.53255093
1901142,0.4762045
1901143,0.40855426
1901144,0.48613027
1901145,0.5164891
1901146,0.4641844
1901151,0.53255093
1901152,0.42741397
1901153,0.4117177
1901154,0.4641869
1901155,0.51697505
1901156,0.45342207
1901161,0.506039
1901162,0.49403465
1901163,0.48920447
1901164,0.51980364
1901165,0.5191289
1901166,0.48716095
1901171,0.4724246
1901172,0.48768234
1901173,0.48926514
1901174,0.4935238
1901175,0.47296885
1901176,0.478018
1901181,0.48753375
1901182,0.5083744
1901183,0.43705487
1901184,0.48513764
1901185,0.5164537
1901186,0.49988163
1901191,0.4971804
1901192,0.45046064
1901193,0.44341493
1901194,0.49198264
1901195,0.48462862
1901196,0.50599205
1901201,0.4718854
1901202,0.49680722
1901203,0.46828365
1901204,0.5772939
1901205,0.5377743
1901206,0.61291385
1901211,0.5052797
1901212,0.47590926
1901213,0.4983778
1901214,0.48302865
1901215,0.52132666
1901216,0.5123149
1901221,0.53255093
1901222,0.42741397
1901223,0.4117177
1901224,0.4641869
1901225,0.51697505
1901226,0.45342207
1901231,0.57035124
1901232,0.47739467
1901233,0.5580013
1901234,0.5331099
1901235,0.63652945
1901236,0.5439104
1901241,0.468747
1901242,0.47681183
1901243,0.50910455
1901244,0.5790843
1901245,0.50392115
1901246,0.5362966
1901251,0.53549194
1901252,0.482169
1901253,0.5299287
1901254,0.4892329
1901255,0.59874034
1901256,0.5527955
1901261,0.4971804
1901262,0.45046064
1901263,0.44341493
1901264,0.49198264
1901265,0.48462862
1901266,0.50599205
1901271,0.4718854
1901272,0.49680722
1901273,0.46828365
1901274,0.5772939
1901275,0.5377743
1901276,0.61291385
1901281,0.53255093
1901282,0.4762045
1901283,0.40855426
1901284,0.48613027
1901285,0.5164891
1901286,0.4641844
1901291,0.53255093
1901292,0.42741397
1901293,0.4117177
1901294,0.4641869
1901295,0.51697505
1901296,0.45342207
1901301,0.506039
1901302,0.49403465
1901303,0.48920447
1901304,0.51980364
1901305,0.5191289
1901306,0.48716095
1901311,0.4724246
1901312,0.48768234
1901313,0.48926514
1901314,0.4935238
1901315,0.47296885
1901316,0.478018
1902011,0.53549194
1902012,0.482169
1902013,0.5299287
1902014,0.4892329
1902015,0.59874034
1902016,0.5527955
1902021,0.4971804
1902022,0.45046064
1902023,0.44341493
1902024,0.49198264
1902025,0.48462862
1902026,0.50599205
1902031,0.4718854
1902032,0.49680722
1902033,0.46828365
1902034,0.5772939
1902035,0.5377743
1902036,0.61291385
1902041,0.53255093
1902042,0.4762045
1902043,0.40855426
1902044,0.48613027
1902045,0.5164891
1902046,0.4641844
1902051,0.53255093
1902052,0.42741397
1902053,0.4117177
1902054,0.4641869
1902055,0.51697505
1902056,0.45342207
1902061,0.506039
1902062,0.49403465
1902063,0.48920447
1902064,0.51980364
1902065,0.5191289
1902066,0.48716095
1902071,0.4724246
1902072,0.48768234
1902073,0.48926514
1902074,0.4935238
1902075,0.47296885
1902076,0.478018
1902081,0.48753375
1902082,0.5083744
1902083,0.43705487
1902084,0.48513764
1902085,0.5164537
1902086,0.49988163
1902091,0.4971804
1902092,0.45046064
1902093,0.44341493
1902094,0.49198264
1902095,0.48462862
1902096,0.50599205
1902101,0.4718854
1902102,0.49680722
1902103,0.46828365
1902104,0.5772939
1902105,0.5377743
1902106,0.61291385
1902111,0.53255093
1902112,0.4762045
1902113,0.40855426
1902114,0.48613027
1902115,0.5164891
1902116,0.4641844
1902121,0.53255093
1902122,0.42741397
1902123,0.4117177
1902124,0.4641869
1902125,0.51697505
1902126,0.45342207
1902131,0.506039
1902132,0.49403465
1902133,0.48920447
1902134,0.51980364
1902135,0.5191289
1902136,0.48716095
1902141,0.4724246
1902142,0.48768234
1902143,0.48926514
1902144,0.4935238
1902145,0.47296885
1902146,0.478018
1902151,0.51800036
1902152,0.53294617
1902153,0.5825432
1902154,0.52935815
1902155,0.5628009
1902156,0.60338384
1902161,0.47231674
1902162,0.4689026
1902163,0.49485016
1902164,0.5429294
1902165,0.5038029
1902166,0.49073368
1902171,0.5208087
1902172,0.583924
1902173,0.6311783
1902174,0.6743741
1902175,0.58259857
1902176,0.6731284
1902181,0.51151997
1902182,0.47546384
1902183,0.46280813
1902184,0.5220084
1902185,0.5399655
1902186,0.54310954
1902191,0.53255093
1902192,0.42741397
1902193,0.4117177
1902194,0.4641869
1902195,0.51697505
1902196,0.45342207
1902201,0.506039
1902202,0.49403465
1902203,0.48920447
1902204,0.51980364
1902205,0.5191289
1902206,0.48716095
1902211,0.4724246
1902212,0.48768234
1902213,0.48926514
1902214,0.4935238
1902215,0.47296885
1902216,0.478018
1902221,0.48753375
1902222,0.5083744
1902223,0.43705487
1902224,0.48513764
1902225,0.5164537
1902226,0.49988163
1902231,0.4971804
1902232,0.45046064
1902233,0.44341493
1902234,0.49198264
1902235,0.48462862
1902236,0.50599205
1902241,0.4718854
1902242,0.49680722
1902243,0.46828365
1902244,0.5772939
1902245,0.5377743
1902246,0.61291385
1902251,0.53255093
1902252,0.4762045
1902253,0.40855426
1902254,0.48613027
1902255,0.5164891
1902256,0.4641844
1902261,0.47684228
1902262,0.43819427
1902263,0.45885897
1902264,0.51142395
1902265,0.4992884
1902266,0.4999885
1902271,0.5461774
1902272,0.46101514
1902273,0.47148037
1902274,0.53341734
1902275,0.6151675
1902276,0.5695993
1902281,0.4724246
1902282,0.48768234
1902283,0.48926514
1902284,0.4935238
1902285,0.47296885
1902286,0.478018
1903011,0.48753375
1903012,0.5083744
1903013,0.43705487
1903014,0.48513764
1903015,0.5164537
1903016,0.49988163
1903021,0.4971804
1903022,0.45046064
1903023,0.44341493
1903024,0.49198264
1903025,0.48462862
1903026,0.50599205
1903031,0.4718854
1903032,0.49680722
1903033,0.46828365
1903034,0.5772939
1903035,0.5377743
1903036,0.61291385
1903041,0.53255093
1903042,0.4762045
1903043,0.40855426
1903044,0.48613027
1903045,0.5164891
1903046,0.4641844
1903051,0.53255093
1903052,0.42741397
1903053,0.4117177
1903054,0.4641869
1903055,0.51697505
1903056,0.45342207
1903061,0.506039
1903062,0.49403465
1903063,0.48920447
1903064,0.51980364
1903065,0.5191289
1903066,0.48716095
1903071,0.4724246
1903072,0.48768234
1903073,0.48926514
1903074,0.4935238
1903075,0.47296885
1903076,0.478018
1903081,0.48753375
1903082,0.5083744
1903083,0.43705487
1903084,0.48513764
1903085,0.5164537
1903086,0.49988163
1903091,0.4971804
1903092,0.45046064
1903093,0.44341493
1903094,0.49198264
1903095,0.48462862
1903096,0.50599205
1903101,0.4718854
1903102,0.49680722
1903103,0.46828365
1903104,0.5772939
1903105,0.5377743
1903106,0.61291385
1903111,0.53255093
1903112,0.4762045
1903113,0.40855426
1903114,0.48613027
1903115,0.5164891
1903116,0.4641844
1903121,0.53255093
1903122,0.42741397
1903123,0.4117177
1903124,0.4641869
1903125,0.51697505
1903126,0.45342207
1903131,0.506039
1903132,0.49403465
1903133,0.48920447
1903134,0.51980364
1903135,0.5191289
1903136,0.48716095
1903141,0.4724246
1903142,0.48768234
1903143,0.48926514
1903144,0.4935238
1903145,0.47296885
1903146,0.478018
1903151,0.48753375
1903152,0.5083744
1903153,0.43705487
1903154,0.48513764
1903155,0.5164537
1903156,0.49988163
1903161,0.4971804
1903162,0.45046064
1903163,0.44341493
1903164,0.49198264
1903165,0.48462862
1903166,0.50599205
1903171,0.4718854
1903172,0.49680722
1903173,0.46828365
1903174,0.5772939
1903175,0.5377743
1903176,0.61291385
1903181,0.53255093
1903182,0.4762045
1903183,0.40855426
1903184,0.48613027
1903185,0.5164891
1903186,0.4641844
1903191,0.53255093
1903192,0.42741397
1903193,0.4117177
1903194,0.4641869
1903195,0.51697505
1903196,0.45342207
1903201,0.506039
1903202,0.49403465
1903203,0.48920447
1903204,0.51980364
1903205,0.5191289
1903206,0.48716095
1903211,0.420678
1903212,0.432621
1903213,0.5544227
1903214,0.58280754
1903215,0.4771949
1903216,0.5198387
1903221,0.48753375
1903222,0.5083744
1903223,0.43705487
1903224,0.48513764
1903225,0.5164537
1903226,0.49988163
1903231,0.47231674
1903232,0.4689026
1903233,0.49485016
1903234,0.5429294
1903235,0.5038029
1903236,0.49073368
1903241,0.4718854
1903242,0.49680722
1903243,0.46828365
1903244,0.5772939
1903245,0.5377743
1903246,0.61291385
1903251,0.53255093
1903252,0.4762045
1903253,0.40855426
1903254,0.48613027
1903255,0.5164891
1903256,0.4641844
1903261,0.53255093
1903262,0.42741397
1903263,0.4117177
1903264,0.4641869
1903265,0.51697505
1903266,0.45342207
1903271,0.506039
1903272,0.49403465
1903273,0.48920447
1903274,0.51980364
1903275,0.5191289
1903276,0.48716095
1903281,0.420678
1903282,0.432621
1903283,0.5544227
1903284,0.58280754
1903285,0.4771949
1903286,0.5198387
1903291,0.51800036
1903292,0.53294617
1903293,0.5825432
1903294,0.52935815
1903295,0.5628009
1903296,0.60338384
1903301,0.47231674
1903302,0.4689026
1903303,0.49485016
1903304,0.5429294
1903305,0.5038029
1903306,0.49073368
1903311,0.4718854
1903312,0.49680722
1903313,0.46828365
1903314,0.5772939
1903315,0.5377743
1903316,0.61291385
1904011,0.53255093
1904012,0.4762045
1904013,0.40855426
1904014,0.48613027
1904015,0.5164891
1904016,0.4641844
1904021,0.47684228
1904022,0.43819427
1904023,0.45885897
1904024,0.51142395
1904025,0.4992884
1904026,0.4999885
1904031,0.506039
1904032,0.49403465
1904033,0.48920447
1904034,0.51980364
1904035,0.5191289
1904036,0.48716095
1904041,0.53255093
1904042,0.53255093
1904043,0.53255093
1904044,0.53255093
1904045,0.53255093
1904046,0.53255093
1904051,0.51800036
1904052,0.53294617
1904053,0.5825432
1904054,0.52935815
1904055,0.5628009
1904056,0.60338384
1904061,0.47231674
1904062,0.4689026
1904063,0.49485016
1904064,0.5429294
1904065,0.5038029
1904066,0.49073368
1904071,0.5208087
1904072,0.583924
1904073,0.6311783
1904074,0.6743741
1904075,0.58259857
1904076,0.6731284
1904081,0.53255093
1904082,0.4762045
1904083,0.40855426
1904084,0.48613027
1904085,0.5164891
1904086,0.4641844
1904091,0.53255093
1904092,0.42741397
1904093,0.4117177
1904094,0.4641869
1904095,0.51697505
1904096,0.45342207
1904101,0.506039
1904102,0.49403465
1904103,0.48920447
1904104,0.51980364
1904105,0.5191289
1904106,0.48716095
1904111,0.4724246
1904112,0.48768234
1904113,0.48926514
1904114,0.4935238
1904115,0.47296885
1904116,0.478018
1904121,0.48753375
1904122,0.5083744
1904123,0.43705487
1904124,0.48513764
1904125,0.5164537
1904126,0.49988163
1904131,0.4971804
1904132,0.45046064
1904133,0.44341493
1904134,0.49198264
1904135,0.48462862
1904136,0.50599205
1904141,0.4718854
1904142,0.49680722
1904143,0.46828365
1904144,0.5772939
1904145,0.5377743
1904146,0.61291385
1904151,0.53255093
1904152,0.4762045
1904153,0.40855426
1904154,0.48613027
1904155,0.5164891
1904156,0.4641844
1904161,0.53255093
1904162,0.42741397
1904163,0.4117177
1904164,0.4641869
1904165,0.51697505
1904166,0.45342207
1904171,0.5461774
1904172,0.46101514
1904173,0.47148037
1904174,0.53341734
1904175,0.6151675
1904176,0.5695993
1904181,0.420678
1904182,0.432621
1904183,0.5544227
1904184,0.58280754
1904185,0.4771949
1904186,0.5198387
1904191,0.56123936
1904192,0.5604166
1904193,0.64297783
1904194,0.61587167
1904195,0.6020391
1904196,0.6766825
1904201,0.47231674
1904202,0.4689026
1904203,0.49485016
1904204,0.5429294
1904205,0.5038029
1904206,0.49073368
1904211,0.5662154
1904212,0.6012924
1904213,0.716068
1904214,0.73272693
1904215,0.60167706
1904216,0.7065613
1904221,0.56092966
1904222,0.48658842
1904223,0.4958185
1904224,0.5536444
1904225,0.56021994
1904226,0.5834092
1904231,0.47684228
1904232,0.43819427
1904233,0.45885897
1904234,0.51142395
1904235,0.4992884
1904236,0.4999885
1904241,0.5461774
1904242,0.46101514
1904243,0.47148037
1904244,0.53341734
1904245,0.6151675
1904246,0.5695993
1904251,0.420678
1904252,0.432621
1904253,0.5544227
1904254,0.58280754
1904255,0.4771949
1904256,0.5198387
1904261,0.51800036
1904262,0.53294617
1904263,0.5825432
1904264,0.52935815
1904265,0.5628009
1904266,0.60338384
1904271,0.47231674
1904272,0.4689026
1904273,0.49485016
1904274,0.5429294
1904275,0.5038029
1904276,0.49073368
1904281,0.4718854
1904282,0.49680722
1904283,0.46828365
1904284,0.5772939
1904285,0.5377743
1904286,0.61291385
1904291,0.51151997
1904292,0.47546384
1904293,0.46280813
1904294,0.5220084
1904295,0.5399655
1904296,0.54310954
1904301,0.47684228
1904302,0.43819427
1904303,0.45885897
1904304,0.51142395
1904305,0.4992884
1904306,0.4999885
1905011,0.49935213
1905012,0.52065706
1905013,0.45806664
1905014,0.5542625
1905015,0.56526756
1905016,0.50490975
1905021,0.4724246
1905022,0.48768234
1905023,0.48926514
1905024,0.4935238
1905025,0.47296885
1905026,0.478018
1905031,0.48753375
1905032,0.5083744
1905033,0.43705487
1905034,0.48513764
1905035,0.5164537
1905036,0.49988163
1905041,0.4971804
1905042,0.45046064
1905043,0.44341493
1905044,0.49198264
1905045,0.48462862
1905046,0.50599205
1905051,0.5208087
1905052,0.583924
1905053,0.6311783
1905054,0.6743741
1905055,0.58259857
1905056,0.6731284
1905061,0.53255093
1905062,0.4762045
1905063,0.40855426
1905064,0.48613027
1905065,0.5164891
1905066,0.4641844
1905071,0.53255093
1905072,0.42741397
1905073,0.4117177
1905074,0.4641869
1905075,0.51697505
1905076,0.45342207
1905081,0.5461774
1905082,0.46101514
1905083,0.47148037
1905084,0.53341734
1905085,0.6151675
1905086,0.5695993
1905091,0.420678
1905092,0.432621
1905093,0.5544227
1905094,0.58280754
1905095,0.4771949
1905096,0.5198387
1905101,0.51800036
1905102,0.53294617
1905103,0.5825432
1905104,0.52935815
1905105,0.5628009
1905106,0.60338384
1905111,0.47231674
1905112,0.4689026
1905113,0.49485016
1905114,0.5429294
1905115,0.5038029
1905116,0.49073368
1905121,0.5208087
1905122,0.583924
1905123,0.6311783
1905124,0.6743741
1905125,0.58259857
1905126,0.6731284
1905131,0.51151997
1905132,0.47546384
1905133,0.46280813
1905134,0.5220084
1905135,0.5399655
1905136,0.54310954
1905141,0.47684228
1905142,0.43819427
1905143,0.45885897
1905144,0.51142395
1905145,0.4992884
1905146,0.4999885
1905151,0.5461774
1905152,0.46101514
1905153,0.47148037
1905154,0.53341734
1905155,0.6151675
1905156,0.5695993
1905161,0.420678
1905162,0.432621
1905163,0.5544227
1905164,0.58280754
1905165,0.4771949
1905166,0.5198387
1905171,0.51800036
1905172,0.53294617
1905173,0.5825432
1905174,0.52935815
1905175,0.5628009
1905176,0.60338384
1905181,0.47231674
1905182,0.4689026
1905183,0.49485016
1905184,0.5429294
1905185,0.5038029
1905186,0.49073368
1905191,0.5208087
1905192,0.583924
1905193,0.6311783
1905194,0.6743741
1905195,0.58259857
1905196,0.6731284
1905201,0.51151997
1905202,0.47546384
1905203,0.46280813
1905204,0.5220084
1905205,0.5399655
1905206,0.54310954
1905211,0.47684228
1905212,0.43819427
1905213,0.45885897
1905214,0.51142395
1905215,0.4992884
1905216,0.4999885
1905221,0.5461774
1905222,0.46101514
1905223,0.47148037
1905224,0.53341734
1905225,0.6151675
1905226,0.5695993
1905231,0.420678
1905232,0.432621
1905233,0.5544227
1905234,0.58280754
1905235,0.4771949
1905236,0.5198387
1905241,0.51800036
1905242,0.53294617
1905243,0.5825432
1905244,0.52935815
1905245,0.5628009
1905246,0.60338384
1905251,0.47231674
1905252,0.4689026
1905253,0.49485016
1905254,0.5429294
1905255,0.5038029
1905256,0.49073368
1905261,0.5208087
1905262,0.583924
1905263,0.6311783
1905264,0.6743741
1905265,0.58259857
1905266,0.6731284
1905271,0.51151997
1905272,0.47546384
1905273,0.46280813
1905274,0.5220084
1905275,0.5399655
1905276,0.54310954
1905281,0.47684228
1905282,0.43819427
1905283,0.45885897
1905284,0.51142395
1905285,0.4992884
1905286,0.4999885
1905291,0.5461774
1905292,0.46101514
1905293,0.47148037
1905294,0.53341734
1905295,0.6151675
1905296,0.5695993
1905301,0.47845125
1905302,0.47156647
1905303,0.5830362
1905304,0.67463803
1905305,0.50284404
1905306,0.5757024
1905311,0.51800036
1905312,0.53294617
1905313,0.5825432
1905314,0.52935815
1905315,0.5628009
1905316,0.60338384
1906011,0.47231674
1906012,0.4689026
1906013,0.49485016
1906014,0.5429294
1906015,0.5038029
1906016,0.49073368
1906021,0.6869873
1906022,0.78802633
1906023,0.7999283
1906024,0.85837626
1906025,0.7144693
1906026,0.8811432
1906031,0.5043142
1906032,0.62191623
1906033,0.5969484
1906034,0.7243418
1906035,0.5280599
1906036,0.67897224
1906041,0.47684228
1906042,0.43819427
1906043,0.45885897
1906044,0.51142395
1906045,0.4992884
1906046,0.4999885
1906051,0.471284
1906052,0.5829427
1906053,0.5382961
1906054,0.53117657
1906055,0.55608827
1906056,0.579929
1906061,0.420678
1906062,0.432621
1906063,0.5544227
1906064,0.58280754
1906065,0.4771949
1906066,0.5198387
1906071,0.51800036
1906072,0.53294617
1906073,0.5825432
1906074,0.52935815
1906075,0.5628009
1906076,0.60338384
1906081,0.47231674
1906082,0.4689026
1906083,0.49485016
1906084,0.5429294
1906085,0.5038029
1906086,0.49073368
1906091,0.5208087
1906092,0.583924
1906093,0.6311783
1906094,0.6743741
1906095,0.58259857
1906096,0.6731284
1906101,0.56092966
1906102,0.48658842
1906103,0.4958185
1906104,0.5536444
1906105,0.56021994
1906106,0.5834092
1906111,0.47684228
1906112,0.43819427
1906113,0.45885897
1906114,0.51142395
1906115,0.4992884
1906116,0.4999885
1906121,0.5461774
1906122,0.46101514
1906123,0.47148037
1906124,0.53341734
1906125,0.6151675
1906126,0.5695993
1906131,0.5618008
1906132,0.64920074
1906133,0.74295104
1906134,0.7781894
1906135,0.5825834
1906136,0.76728964
1906141,0.5384855
1906142,0.7088836
1906143,0.7233697
1906144,0.65059173
1906145,0.641312
1906146,0.7091417
1906151,0.47231674
1906152,0.4689026
1906153,0.49485016
1906154,0.5429294
1906155,0.5038029
1906156,0.49073368
1906161,0.6869873
1906162,0.78802633
1906163,0.7999283
1906164,0.85837626
1906165,0.7144693
1906166,0.8811432
1906171,0.5043142
1906172,0.62191623
1906173,0.5969484
1906174,0.7243418
1906175,0.5280599
1906176,0.67897224
1906181,0.498316
1906182,0.64955366
1906183,0.58831763
1906184,0.68982375
1906185,0.56868315
1906186,0.71447235
1906191,0.471284
1906192,0.5829427
1906193,0.5382961
1906194,0.53117657
1906195,0.55608827
1906196,0.579929
1906201,0.420678
1906202,0.432621
1906203,0.5544227
1906204,0.58280754
1906205,0.4771949
1906206,0.5198387
1906211,0.51800036
1906212,0.53294617
1906213,0.5825432
1906214,0.52935815
1906215,0.5628009
1906216,0.60338384
1906221,0.5027679
1906222,0.40835547
1906223,0.45764017
1906224,0.5126215
1906225,0.5016428
1906226,0.44657993
1906231,0.5377284
1906232,0.6223972
1906233,0.60668457
1906234,0.7064172
1906235,0.5481745
1906236,0.7208723
1906241,0.5313088
1906242,0.5034433
1906243,0.4370091
1906244,0.5465146
1906245,0.52012575
1906246,0.5711905
1906251,0.5053886
1906252,0.4868428
1906253,0.43364847
1906254,0.5084274
1906255,0.49206057
1906256,0.54402244
1906261,0.493098
1906262,0.4829031
1906263,0.50471044
1906264,0.4207915
1906265,0.5207523
1906266,0.47304022
1906271,0.43494603
1906272,0.42479375
1906273,0.53370094
1906274,0.4262867
1906275,0.47535485
1906276,0.40636984
1906281,0.50207996
1906282,0.52672875
1906283,0.55116785
1906284,0.51734275
1906285,0.5627038
1906286,0.5396147
1906291,0.5094099
1906292,0.53115046
1906293,0.49995416
1906294,0.5979118
1906295,0.4586358
1906296,0.5968526
1906301,0.5377284
1906302,0.6223972
1906303,0.60668457
1906304,0.7064172
1906305,0.5481745
1906306,0.7208723
1907011,0.5043142
1907012,0.62191623
1907013,0.5969484
1907014,0.7243418
1907015,0.5280599
1907016,0.67897224
1907021,0.47684228
1907022,0.43819427
1907023,0.45885897
1907024,0.51142395
1907025,0.4992884
1907026,0.4999885
1907031,0.5461774
1907032,0.46101514
1907033,0.47148037
1907034,0.53341734
1907035,0.6151675
1907036,0.5695993
1907041,0.420678
1907042,0.432621
1907043,0.5544227
1907044,0.58280754
1907045,0.4771949
1907046,0.5198387
1907051,0.51800036
1907052,0.53294617
1907053,0.5825432
1907054,0.52935815
1907055,0.5628009
1907056,0.60338384
1907061,0.47231674
1907062,0.4689026
1907063,0.49485016
1907064,0.5429294
1907065,0.5038029
1907066,0.49073368
1907071,0.5208087
1907072,0.583924
1907073,0.6311783
1907074,0.6743741
1907075,0.58259857
1907076,0.6731284
1907081,0.51151997
1907082,0.47546384
1907083,0.46280813
1907084,0.5220084
1907085,0.5399655
1907086,0.54310954
1907091,0.47684228
1907092,0.43819427
1907093,0.45885897
1907094,0.51142395
1907095,0.4992884
1907096,0.4999885
1907101,0.5461774
1907102,0.46101514
1907103,0.47148037
1907104,0.53341734
1907105,0.6151675
1907106,0.5695993
1907111,0.420678
1907112,0.432621
1907113,0.5544227
1907114,0.58280754
1907115,0.4771949
1907116,0.5198387
1907121,0.51800036
1907122,0.53294617
1907123,0.5825432
1907124,0.52935815
1907125,0.5628009
1907126,0.60338384
1907131,0.47231674
1907132,0.4689026
1907133,0.49485016
1907134,0.5429294
1907135,0.5038029
1907136,0.49073368
1907141,0.5208087
1907142,0.583924
1907143,0.6311783
1907144,0.6743741
1907145,0.58259857
1907146,0.6731284
1907151,0.51151997
1907152,0.47546384
1907153,0.46280813
1907154,0.5220084
1907155,0.5399655
1907156,0.54310954
1907161,0.47684228
1907162,0.43819427
1907163,0.45885897
1907164,0.51142395
1907165,0.4992884
1907166,0.4999885
1907171,0.5461774
1907172,0.46101514
1907173,0.47148037
1907174,0.53341734
1907175,0.6151675
1907176,0.5695993
1907181,0.5618008
1907182,0.64920074
1907183,0.74295104
1907184,0.7781894
1907185,0.5825834
1907186,0.76728964
1907191,0.5384855
1907192,0.7088836
1907193,0.7233697
1907194,0.65059173
1907195,0.641312
1907196,0.7091417
1907201,0.5412339
1907202,0.6967798
1907203,0.6817477
1907204,0.7508006
1907205,0.5428041
1907206,0.7442725
1907211,0.5208087
1907212,0.583924
1907213,0.6311783
1907214,0.6743741
1907215,0.58259857
1907216,0.6731284
1907221,0.51151997
1907222,0.47546384
1907223,0.46280813
1907224,0.5220084
1907225,0.5399655
1907226,0.54310954
1907231,0.498316
1907232,0.64955366
1907233,0.58831763
1907234,0.68982375
1907235,0.56868315
1907236,0.71447235
1907241,0.471284
1907242,0.5829427
1907243,0.5382961
1907244,0.53117657
1907245,0.55608827
1907246,0.579929
1907251,0.5618008
1907252,0.64920074
1907253,0.74295104
1907254,0.7781894
1907255,0.5825834
1907256,0.76728964
1907261,0.5384855
1907262,0.7088836
1907263,0.7233697
1907264,0.65059173
1907265,0.641312
1907266,0.7091417
1907271,0.5412339
1907272,0.6967798
1907273,0.6817477
1907274,0.7508006
1907275,0.5428041
1907276,0.7442725
1907281,0.6869873
1907282,0.78802633
1907283,0.7999283
1907284,0.85837626
1907285,0.7144693
1907286,0.8811432
1907291,0.5043142
1907292,0.62191623
1907293,0.5969484
1907294,0.7243418
1907295,0.5280599
1907296,0.67897224
1907301,0.498316
1907302,0.64955366
1907303,0.58831763
1907304,0.68982375
1907305,0.56868315
1907306,0.71447235
